,Female,Male,Not_Married,Married,No_Dependent,1_Dependent,2_Dependents,3+_Dependents,Graduate,Not_Graduate,Not_Self_Employed,Self_Employed,Rural,Semiurban,Urban,ApplicantIncome,CoapplicantIncome,LoanAmount,Loan_Amount_Term,Credit_History,Loan_Status
0,0,1,1,0,1,0,0,0,1,0,1,0,0,0,1,5849,0.0,146.41216216216216,360.0,1.0,1
1,0,1,0,1,0,1,0,0,1,0,1,0,1,0,0,4583,1508.0,128.0,360.0,1.0,0
2,0,1,0,1,1,0,0,0,1,0,0,1,0,0,1,3000,0.0,66.0,360.0,1.0,1
3,0,1,0,1,1,0,0,0,0,1,1,0,0,0,1,2583,2358.0,120.0,360.0,1.0,1
4,0,1,1,0,1,0,0,0,1,0,1,0,0,0,1,6000,0.0,141.0,360.0,1.0,1
5,0,1,0,1,0,0,1,0,1,0,0,1,0,0,1,5417,4196.0,267.0,360.0,1.0,1
6,0,1,0,1,1,0,0,0,0,1,1,0,0,0,1,2333,1516.0,95.0,360.0,1.0,1
7,0,1,0,1,0,0,0,1,1,0,1,0,0,1,0,3036,2504.0,158.0,360.0,0.0,0
8,0,1,0,1,0,0,1,0,1,0,1,0,0,0,1,4006,1526.0,168.0,360.0,1.0,1
9,0,1,0,1,0,1,0,0,1,0,1,0,0,1,0,12841,10968.0,349.0,360.0,1.0,0
10,0,1,0,1,0,0,1,0,1,0,1,0,0,0,1,3200,700.0,70.0,360.0,1.0,1
11,0,1,0,1,0,0,1,0,1,0,1,0,0,0,1,3073,8106.0,200.0,360.0,1.0,1
12,0,1,1,0,1,0,0,0,1,0,1,0,1,0,0,1853,2840.0,114.0,360.0,1.0,0
13,0,1,0,1,0,0,1,0,1,0,1,0,0,0,1,1299,1086.0,17.0,120.0,1.0,1
14,0,1,1,0,1,0,0,0,1,0,1,0,0,0,1,4950,0.0,125.0,360.0,1.0,1
15,0,1,1,0,0,1,0,0,0,1,1,0,0,0,1,3596,0.0,100.0,240.0,1.0,1
16,1,0,1,0,1,0,0,0,1,0,1,0,0,0,1,3510,0.0,76.0,360.0,0.0,0
17,0,1,0,1,1,0,0,0,0,1,1,0,1,0,0,4887,0.0,133.0,360.0,1.0,0
18,0,1,0,1,1,0,0,0,0,1,1,0,0,0,1,7660,0.0,104.0,360.0,0.0,0
19,0,1,0,1,0,1,0,0,1,0,1,0,0,0,1,5955,5625.0,315.0,360.0,1.0,1
20,0,1,0,1,1,0,0,0,0,1,1,0,0,1,0,2600,1911.0,116.0,360.0,0.0,0
21,0,1,0,1,1,0,0,0,1,0,0,1,0,1,0,9560,0.0,191.0,360.0,1.0,1
22,0,1,0,1,1,0,0,0,1,0,1,0,0,1,0,2799,2253.0,122.0,360.0,1.0,1
23,0,1,0,1,0,0,1,0,0,1,1,0,0,0,1,4226,1040.0,110.0,360.0,1.0,1
24,0,1,1,0,1,0,0,0,0,1,1,0,0,0,1,1442,0.0,35.0,360.0,1.0,0
25,0,1,1,0,1,0,0,0,1,0,1,0,0,0,1,3167,0.0,74.0,360.0,1.0,0
26,0,1,1,0,0,1,0,0,1,0,0,1,1,0,0,4692,0.0,106.0,360.0,1.0,0
27,0,1,0,1,1,0,0,0,1,0,1,0,0,1,0,3500,1667.0,114.0,360.0,1.0,1
28,0,1,1,0,0,0,0,1,1,0,1,0,1,0,0,12500,3000.0,320.0,360.0,1.0,0
29,0,1,0,1,1,0,0,0,1,0,1,0,0,0,1,2275,2067.0,146.41216216216216,360.0,1.0,1
30,0,1,0,1,1,0,0,0,1,0,1,0,0,0,1,1828,1330.0,100.0,360.0,0.0,0
31,1,0,0,1,1,0,0,0,1,0,1,0,0,1,0,3667,1459.0,144.0,360.0,1.0,1
32,0,1,1,0,1,0,0,0,1,0,1,0,0,0,1,4166,7210.0,184.0,360.0,1.0,1
33,0,1,1,0,1,0,0,0,0,1,1,0,0,1,0,3748,1668.0,110.0,360.0,1.0,1
34,0,1,1,0,1,0,0,0,1,0,1,0,0,0,1,3600,0.0,80.0,360.0,1.0,0
35,0,1,1,0,1,0,0,0,1,0,1,0,0,0,1,1800,1213.0,47.0,360.0,1.0,1
36,0,1,0,1,1,0,0,0,1,0,1,0,0,0,1,2400,0.0,75.0,360.0,1.0,1
37,0,1,0,1,1,0,0,0,1,0,1,0,0,1,0,3941,2336.0,134.0,360.0,1.0,1
38,0,1,0,1,1,0,0,0,0,1,0,1,0,0,1,4695,0.0,96.0,360.0,1.0,1
39,1,0,1,0,1,0,0,0,1,0,1,0,0,0,1,3410,0.0,88.0,360.0,1.0,1
40,0,1,0,1,0,1,0,0,1,0,1,0,0,0,1,5649,0.0,44.0,360.0,1.0,1
41,0,1,0,1,1,0,0,0,1,0,1,0,0,0,1,5821,0.0,144.0,360.0,1.0,1
42,1,0,0,1,1,0,0,0,1,0,1,0,0,0,1,2645,3440.0,120.0,360.0,0.0,0
43,1,0,1,0,1,0,0,0,1,0,1,0,0,1,0,4000,2275.0,144.0,360.0,1.0,1
44,1,0,0,1,1,0,0,0,0,1,1,0,0,1,0,1928,1644.0,100.0,360.0,1.0,1
45,1,0,1,0,1,0,0,0,1,0,1,0,0,1,0,3086,0.0,120.0,360.0,1.0,1
46,1,0,1,0,1,0,0,0,1,0,1,0,0,1,0,4230,0.0,112.0,360.0,1.0,0
47,0,1,0,1,0,0,1,0,1,0,1,0,0,0,1,4616,0.0,134.0,360.0,1.0,0
48,1,0,0,1,0,1,0,0,1,0,0,1,0,0,1,11500,0.0,286.0,360.0,0.0,0
49,0,1,0,1,0,0,1,0,1,0,1,0,0,1,0,2708,1167.0,97.0,360.0,1.0,1
50,0,1,0,1,1,0,0,0,1,0,1,0,0,1,0,2132,1591.0,96.0,360.0,1.0,1
51,0,1,0,1,1,0,0,0,1,0,1,0,1,0,0,3366,2200.0,135.0,360.0,1.0,0
52,0,1,0,1,0,1,0,0,1,0,1,0,0,0,1,8080,2250.0,180.0,360.0,1.0,1
53,0,1,0,1,0,0,1,0,0,1,1,0,0,0,1,3357,2859.0,144.0,360.0,1.0,1
54,0,1,0,1,1,0,0,0,1,0,1,0,0,0,1,2500,3796.0,120.0,360.0,1.0,1
55,0,1,0,1,0,0,0,1,1,0,1,0,0,0,1,3029,0.0,99.0,360.0,1.0,1
56,0,1,0,1,1,0,0,0,0,1,0,1,1,0,0,2609,3449.0,165.0,180.0,0.0,0
57,0,1,0,1,0,1,0,0,1,0,1,0,1,0,0,4945,0.0,146.41216216216216,360.0,0.0,0
58,1,0,1,0,1,0,0,0,1,0,1,0,0,1,0,4166,0.0,116.0,360.0,0.0,0
59,0,1,0,1,1,0,0,0,1,0,1,0,0,1,0,5726,4595.0,258.0,360.0,1.0,0
60,0,1,1,0,1,0,0,0,0,1,1,0,0,0,1,3200,2254.0,126.0,180.0,0.0,0
61,0,1,0,1,0,1,0,0,1,0,1,0,0,0,1,10750,0.0,312.0,360.0,1.0,1
62,0,1,0,1,0,0,0,1,0,1,0,1,0,0,1,7100,0.0,125.0,60.0,1.0,1
63,1,0,1,0,1,0,0,0,1,0,1,0,0,1,0,4300,0.0,136.0,360.0,0.0,0
64,0,1,0,1,1,0,0,0,1,0,1,0,0,0,1,3208,3066.0,172.0,360.0,1.0,1
65,0,1,0,1,0,0,1,0,0,1,0,1,0,1,0,1875,1875.0,97.0,360.0,1.0,1
66,0,1,1,0,1,0,0,0,1,0,1,0,0,1,0,3500,0.0,81.0,300.0,1.0,1
67,0,1,0,1,0,0,0,1,0,1,1,0,0,1,0,4755,0.0,95.0,360.0,0.0,0
68,0,1,0,1,0,0,0,1,1,0,0,1,0,1,0,5266,1774.0,187.0,360.0,1.0,1
69,0,1,1,0,1,0,0,0,1,0,1,0,0,0,1,3750,0.0,113.0,480.0,1.0,0
70,0,1,1,0,1,0,0,0,1,0,1,0,0,0,1,3750,4750.0,176.0,360.0,1.0,0
71,0,1,0,1,0,1,0,0,1,0,0,1,0,0,1,1000,3022.0,110.0,360.0,1.0,0
72,0,1,0,1,0,0,0,1,1,0,1,0,0,1,0,3167,4000.0,180.0,300.0,0.0,0
73,0,1,0,1,0,0,0,1,0,1,0,1,0,1,0,3333,2166.0,130.0,360.0,1.0,1
74,1,0,1,0,1,0,0,0,1,0,1,0,0,1,0,3846,0.0,111.0,360.0,1.0,1
75,0,1,0,1,0,1,0,0,1,0,0,1,0,1,0,2395,0.0,146.41216216216216,360.0,1.0,1
76,1,0,0,1,0,0,1,0,1,0,1,0,0,0,1,1378,1881.0,167.0,360.0,1.0,0
77,0,1,0,1,1,0,0,0,1,0,1,0,0,1,0,6000,2250.0,265.0,360.0,1.0,0
78,0,1,0,1,0,1,0,0,1,0,1,0,0,0,1,3988,0.0,50.0,240.0,1.0,1
79,0,1,1,0,1,0,0,0,1,0,1,0,0,1,0,2366,2531.0,136.0,360.0,1.0,1
80,0,1,0,1,0,0,1,0,0,1,1,0,0,1,0,3333,2000.0,99.0,360.0,1.0,1
81,0,1,0,1,1,0,0,0,1,0,1,0,0,1,0,2500,2118.0,104.0,360.0,1.0,1
82,0,1,1,0,1,0,0,0,1,0,1,0,0,0,1,8566,0.0,210.0,360.0,1.0,1
83,0,1,0,1,1,0,0,0,1,0,1,0,0,1,0,5695,4167.0,175.0,360.0,1.0,1
84,0,1,0,1,1,0,0,0,1,0,1,0,0,1,0,2958,2900.0,131.0,360.0,1.0,1
85,0,1,0,1,0,0,1,0,1,0,1,0,0,1,0,6250,5654.0,188.0,180.0,1.0,1
86,0,1,0,1,0,0,1,0,0,1,1,0,0,0,1,3273,1820.0,81.0,360.0,1.0,1
87,0,1,1,0,1,0,0,0,1,0,1,0,0,1,0,4133,0.0,122.0,360.0,1.0,1
88,0,1,1,0,1,0,0,0,0,1,1,0,0,1,0,3620,0.0,25.0,120.0,1.0,1
89,1,0,0,1,1,0,0,0,1,0,1,0,0,1,0,2484,2302.0,137.0,360.0,1.0,1
90,0,1,0,1,1,0,0,0,1,0,1,0,0,1,0,1977,997.0,50.0,360.0,1.0,1
91,0,1,0,1,1,0,0,0,0,1,1,0,0,1,0,4188,0.0,115.0,180.0,1.0,1
92,0,1,0,1,1,0,0,0,1,0,1,0,0,1,0,1759,3541.0,131.0,360.0,1.0,1
93,0,1,0,1,0,0,1,0,0,1,1,0,0,0,1,4288,3263.0,133.0,180.0,1.0,1
94,0,1,1,0,1,0,0,0,1,0,1,0,0,1,0,4843,3806.0,151.0,360.0,1.0,1
95,0,1,0,1,1,0,0,0,1,0,1,0,0,1,0,4652,3583.0,146.41216216216216,360.0,1.0,1
96,0,1,0,1,0,1,0,0,1,0,1,0,0,0,1,3052,1030.0,100.0,360.0,1.0,1
97,0,1,0,1,0,0,1,0,1,0,1,0,0,0,1,11417,1126.0,225.0,360.0,1.0,1
98,0,1,0,1,0,0,1,0,1,0,1,0,0,0,1,3800,3600.0,216.0,360.0,0.0,0
99,0,1,0,1,0,0,0,1,0,1,1,0,0,1,0,2071,754.0,94.0,480.0,1.0,1
100,0,1,1,0,1,0,0,0,1,0,1,0,0,0,1,5316,0.0,136.0,360.0,1.0,1
101,0,1,0,1,1,0,0,0,0,1,1,0,1,0,0,3572,4114.0,152.0,360.0,0.0,0
102,1,0,1,0,0,1,0,0,1,0,0,1,0,1,0,7451,0.0,146.41216216216216,360.0,1.0,1
103,0,1,0,1,0,1,0,0,1,0,1,0,1,0,0,14583,0.0,185.0,180.0,1.0,1
104,1,0,0,1,1,0,0,0,1,0,1,0,0,1,0,3167,2283.0,154.0,360.0,1.0,1
105,0,1,0,1,0,1,0,0,1,0,1,0,0,0,1,2214,1398.0,85.0,360.0,1.0,1
106,0,1,0,1,1,0,0,0,1,0,1,0,1,0,0,5568,2142.0,175.0,360.0,1.0,0
107,1,0,1,0,1,0,0,0,1,0,1,0,0,0,1,10408,0.0,259.0,360.0,1.0,1
108,1,0,1,0,1,0,0,0,1,0,1,0,0,1,0,4166,0.0,44.0,360.0,1.0,1
109,1,0,1,0,1,0,0,0,1,0,1,0,0,1,0,2137,8980.0,137.0,360.0,0.0,1
110,0,1,0,1,0,0,1,0,1,0,1,0,0,1,0,2957,0.0,81.0,360.0,1.0,1
111,0,1,0,1,1,0,0,0,0,1,1,0,1,0,0,4300,2014.0,194.0,360.0,1.0,1
112,1,0,1,0,1,0,0,0,1,0,1,0,1,0,0,3692,0.0,93.0,360.0,1.0,1
113,0,1,1,0,1,0,0,0,1,0,1,0,1,0,0,3865,1640.0,146.41216216216216,360.0,1.0,1
114,0,1,0,1,0,1,0,0,1,0,0,1,0,0,1,10513,3850.0,160.0,180.0,0.0,0
115,0,1,0,1,1,0,0,0,1,0,1,0,1,0,0,6080,2569.0,182.0,360.0,1.0,0
116,0,1,1,0,1,0,0,0,1,0,0,1,0,0,1,20166,0.0,650.0,480.0,1.0,1
117,0,1,1,0,1,0,0,0,1,0,1,0,0,0,1,2014,1929.0,74.0,360.0,1.0,1
118,0,1,1,0,1,0,0,0,1,0,1,0,0,1,0,2718,0.0,70.0,360.0,1.0,1
119,0,1,0,1,1,0,0,0,1,0,0,1,0,1,0,3459,0.0,25.0,120.0,1.0,1
120,0,1,1,0,1,0,0,0,1,0,1,0,0,1,0,4895,0.0,102.0,360.0,1.0,1
121,0,1,0,1,0,0,0,1,1,0,1,0,0,1,0,4000,7750.0,290.0,360.0,1.0,0
122,1,0,0,1,1,0,0,0,1,0,1,0,1,0,0,4583,0.0,84.0,360.0,1.0,0
123,0,1,0,1,0,0,1,0,1,0,0,1,0,0,1,3316,3500.0,88.0,360.0,1.0,1
124,0,1,1,0,1,0,0,0,1,0,1,0,0,1,0,14999,0.0,242.0,360.0,0.0,0
125,0,1,0,1,0,0,1,0,0,1,1,0,1,0,0,4200,1430.0,129.0,360.0,1.0,0
126,0,1,0,1,0,0,1,0,1,0,1,0,1,0,0,5042,2083.0,185.0,360.0,1.0,0
127,0,1,1,0,1,0,0,0,1,0,1,0,0,0,1,5417,0.0,168.0,360.0,1.0,1
128,0,1,1,0,1,0,0,0,1,0,0,1,0,1,0,6950,0.0,175.0,180.0,1.0,1
129,0,1,0,1,1,0,0,0,1,0,1,0,0,1,0,2698,2034.0,122.0,360.0,1.0,1
130,0,1,0,1,0,0,1,0,1,0,1,0,0,0,1,11757,0.0,187.0,180.0,1.0,1
131,1,0,0,1,1,0,0,0,1,0,1,0,0,1,0,2330,4486.0,100.0,360.0,1.0,1
132,1,0,0,1,0,0,1,0,1,0,1,0,0,0,1,14866,0.0,70.0,360.0,1.0,1
133,0,1,0,1,0,1,0,0,1,0,1,0,0,0,1,1538,1425.0,30.0,360.0,1.0,1
134,1,0,1,0,1,0,0,0,1,0,1,0,1,0,0,10000,1666.0,225.0,360.0,1.0,0
135,0,1,0,1,1,0,0,0,1,0,1,0,0,1,0,4860,830.0,125.0,360.0,1.0,1
136,0,1,1,0,1,0,0,0,1,0,1,0,1,0,0,6277,0.0,118.0,360.0,0.0,0
137,0,1,0,1,1,0,0,0,1,0,0,1,1,0,0,2577,3750.0,152.0,360.0,1.0,1
138,0,1,1,0,1,0,0,0,1,0,1,0,0,0,1,9166,0.0,244.0,360.0,1.0,0
139,0,1,0,1,0,0,1,0,0,1,1,0,1,0,0,2281,0.0,113.0,360.0,1.0,0
140,0,1,1,0,1,0,0,0,1,0,1,0,0,0,1,3254,0.0,50.0,360.0,1.0,1
141,0,1,0,1,0,0,0,1,1,0,1,0,0,1,0,39999,0.0,600.0,180.0,0.0,1
142,0,1,0,1,0,1,0,0,1,0,1,0,1,0,0,6000,0.0,160.0,360.0,1.0,1
143,0,1,0,1,0,1,0,0,1,0,1,0,0,0,1,9538,0.0,187.0,360.0,1.0,1
144,0,1,0,1,1,0,0,0,1,0,1,0,0,1,0,4583,5625.0,255.0,360.0,1.0,1
145,0,1,0,1,1,0,0,0,0,1,1,0,0,1,0,1863,1041.0,98.0,360.0,1.0,1
146,0,1,0,1,1,0,0,0,1,0,1,0,0,0,1,7933,0.0,275.0,360.0,1.0,0
147,0,1,0,1,0,1,0,0,1,0,1,0,0,1,0,3089,1280.0,121.0,360.0,0.0,0
148,0,1,0,1,0,0,1,0,1,0,1,0,1,0,0,4167,1447.0,158.0,360.0,1.0,1
149,0,1,0,1,1,0,0,0,1,0,1,0,0,0,1,9323,0.0,75.0,180.0,1.0,1
150,0,1,0,1,1,0,0,0,1,0,1,0,1,0,0,3707,3166.0,182.0,360.0,1.0,1
151,1,0,0,1,1,0,0,0,1,0,1,0,1,0,0,4583,0.0,112.0,360.0,1.0,0
152,0,1,0,1,1,0,0,0,1,0,1,0,1,0,0,2439,3333.0,129.0,360.0,1.0,1
153,0,1,1,0,1,0,0,0,1,0,1,0,0,1,0,2237,0.0,63.0,480.0,0.0,0
154,0,1,0,1,0,0,1,0,1,0,1,0,0,1,0,8000,0.0,200.0,360.0,1.0,1
155,0,1,0,1,0,0,0,1,0,1,1,0,1,0,0,3522,0.0,81.0,180.0,1.0,0
156,0,1,0,1,1,0,0,0,1,0,1,0,0,1,0,5708,5625.0,187.0,360.0,1.0,1
157,0,1,0,1,1,0,0,0,0,1,0,1,0,1,0,4344,736.0,87.0,360.0,1.0,0
158,0,1,0,1,1,0,0,0,1,0,1,0,1,0,0,3497,1964.0,116.0,360.0,1.0,1
159,0,1,0,1,0,0,1,0,1,0,1,0,1,0,0,2045,1619.0,101.0,360.0,1.0,1
160,0,1,0,1,0,0,0,1,1,0,1,0,0,1,0,5516,11300.0,495.0,360.0,0.0,0
161,0,1,0,1,0,1,0,0,1,0,1,0,0,1,0,3750,0.0,116.0,360.0,1.0,1
162,0,1,1,0,1,0,0,0,0,1,1,0,0,0,1,2333,1451.0,102.0,480.0,0.0,0
163,0,1,0,1,0,1,0,0,1,0,1,0,0,0,1,6400,7250.0,180.0,360.0,0.0,0
164,0,1,1,0,1,0,0,0,1,0,1,0,1,0,0,1916,5063.0,67.0,360.0,1.0,0
165,0,1,0,1,1,0,0,0,1,0,1,0,0,1,0,4600,0.0,73.0,180.0,1.0,1
166,0,1,0,1,0,1,0,0,1,0,1,0,0,1,0,33846,0.0,260.0,360.0,1.0,0
167,1,0,0,1,1,0,0,0,1,0,1,0,0,1,0,3625,0.0,108.0,360.0,1.0,1
168,0,1,0,1,1,0,0,0,1,0,0,1,0,1,0,39147,4750.0,120.0,360.0,1.0,1
169,0,1,0,1,0,1,0,0,1,0,0,1,1,0,0,2178,0.0,66.0,300.0,0.0,0
170,0,1,0,1,1,0,0,0,1,0,1,0,1,0,0,2383,2138.0,58.0,360.0,1.0,1
171,0,1,0,1,1,0,0,0,1,0,1,0,1,0,0,9328,0.0,188.0,180.0,1.0,1
172,0,1,1,0,1,0,0,0,0,1,1,0,1,0,0,4885,0.0,48.0,360.0,1.0,1
173,0,1,1,0,1,0,0,0,1,0,1,0,0,1,0,12000,0.0,164.0,360.0,1.0,0
174,0,1,0,1,1,0,0,0,0,1,1,0,0,0,1,6033,0.0,160.0,360.0,1.0,0
175,0,1,1,0,1,0,0,0,1,0,1,0,0,1,0,3858,0.0,76.0,360.0,1.0,1
176,0,1,1,0,1,0,0,0,1,0,1,0,1,0,0,4191,0.0,120.0,360.0,1.0,1
177,0,1,0,1,0,1,0,0,1,0,1,0,0,1,0,3125,2583.0,170.0,360.0,1.0,0
178,0,1,1,0,1,0,0,0,1,0,1,0,1,0,0,8333,3750.0,187.0,360.0,1.0,1
179,1,0,1,0,1,0,0,0,0,1,1,0,0,0,1,1907,2365.0,120.0,360.0,1.0,1
180,1,0,0,1,1,0,0,0,1,0,1,0,0,1,0,3416,2816.0,113.0,360.0,1.0,1
181,0,1,1,0,1,0,0,0,1,0,0,1,0,0,1,11000,0.0,83.0,360.0,1.0,0
182,0,1,0,1,0,1,0,0,0,1,1,0,0,1,0,2600,2500.0,90.0,360.0,1.0,1
183,0,1,1,0,0,0,1,0,1,0,1,0,0,1,0,4923,0.0,166.0,360.0,0.0,1
184,0,1,0,1,0,0,0,1,0,1,1,0,0,0,1,3992,0.0,146.41216216216216,180.0,1.0,0
185,0,1,0,1,0,1,0,0,0,1,1,0,0,0,1,3500,1083.0,135.0,360.0,1.0,1
186,0,1,0,1,0,0,1,0,0,1,1,0,0,1,0,3917,0.0,124.0,360.0,1.0,1
187,1,0,1,0,1,0,0,0,0,1,1,0,0,1,0,4408,0.0,120.0,360.0,1.0,1
188,1,0,1,0,1,0,0,0,1,0,1,0,0,0,1,3244,0.0,80.0,360.0,1.0,1
189,0,1,1,0,1,0,0,0,0,1,1,0,1,0,0,3975,2531.0,55.0,360.0,1.0,1
190,0,1,1,0,1,0,0,0,1,0,1,0,0,0,1,2479,0.0,59.0,360.0,1.0,1
191,0,1,1,0,1,0,0,0,1,0,1,0,0,1,0,3418,0.0,127.0,360.0,1.0,0
192,1,0,1,0,1,0,0,0,1,0,1,0,0,1,0,10000,0.0,214.0,360.0,1.0,0
193,0,1,0,1,0,0,0,1,1,0,1,0,0,1,0,3430,1250.0,128.0,360.0,0.0,0
194,0,1,0,1,0,1,0,0,1,0,0,1,0,0,1,7787,0.0,240.0,360.0,1.0,1
195,0,1,0,1,0,0,0,1,0,1,0,1,1,0,0,5703,0.0,130.0,360.0,1.0,1
196,0,1,0,1,1,0,0,0,1,0,1,0,0,0,1,3173,3021.0,137.0,360.0,1.0,1
197,0,1,0,1,0,0,0,1,0,1,1,0,0,1,0,3850,983.0,100.0,360.0,1.0,1
198,0,1,0,1,1,0,0,0,1,0,1,0,1,0,0,150,1800.0,135.0,360.0,1.0,0
199,0,1,0,1,1,0,0,0,1,0,1,0,0,1,0,3727,1775.0,131.0,360.0,1.0,1
200,1,0,0,1,0,0,1,0,1,0,1,0,0,1,0,4283,2383.0,127.0,360.0,1.0,1
201,0,1,0,1,1,0,0,0,1,0,1,0,0,0,1,2221,0.0,60.0,360.0,0.0,0
202,0,1,0,1,0,0,1,0,1,0,1,0,0,1,0,4009,1717.0,116.0,360.0,1.0,1
203,0,1,1,0,1,0,0,0,1,0,1,0,0,1,0,2971,2791.0,144.0,360.0,1.0,1
204,0,1,0,1,1,0,0,0,1,0,1,0,0,1,0,7578,1010.0,175.0,360.0,1.0,1
205,0,1,0,1,1,0,0,0,1,0,1,0,0,1,0,6250,0.0,128.0,360.0,1.0,1
206,0,1,0,1,1,0,0,0,1,0,1,0,1,0,0,3250,0.0,170.0,360.0,1.0,0
207,0,1,0,1,0,0,1,0,1,0,1,0,0,1,0,6250,1695.0,210.0,360.0,1.0,1
208,0,1,1,0,1,0,0,0,1,0,0,1,1,0,0,6400,0.0,200.0,360.0,1.0,1
209,0,1,0,1,0,1,0,0,1,0,1,0,0,1,0,2491,2054.0,104.0,360.0,1.0,1
210,0,1,1,0,1,0,0,0,0,1,1,0,1,0,0,3189,2598.0,120.0,360.0,1.0,1
211,1,0,1,0,1,0,0,0,1,0,1,0,0,1,0,8333,0.0,280.0,360.0,1.0,1
212,0,1,0,1,0,1,0,0,1,0,1,0,0,1,0,3155,1779.0,140.0,360.0,1.0,1
213,0,1,0,1,0,1,0,0,1,0,1,0,1,0,0,5500,1260.0,170.0,360.0,1.0,1
214,1,0,1,0,1,0,0,0,1,0,0,1,0,0,1,3463,0.0,122.0,360.0,1.0,1
215,1,0,1,0,0,1,0,0,1,0,1,0,1,0,0,3812,0.0,112.0,360.0,1.0,1
216,0,1,0,1,0,1,0,0,1,0,1,0,0,1,0,3315,0.0,96.0,360.0,1.0,1
217,0,1,0,1,0,0,1,0,1,0,1,0,1,0,0,5819,5000.0,120.0,360.0,1.0,1
218,0,1,0,1,0,1,0,0,0,1,1,0,0,0,1,2510,1983.0,140.0,180.0,1.0,0
219,0,1,1,0,1,0,0,0,1,0,1,0,0,0,1,2965,5701.0,155.0,60.0,1.0,1
220,0,1,0,1,0,0,1,0,1,0,0,1,1,0,0,6250,1300.0,108.0,360.0,1.0,1
221,0,1,0,1,1,0,0,0,0,1,1,0,0,1,0,3406,4417.0,123.0,360.0,1.0,1
222,0,1,1,0,1,0,0,0,1,0,0,1,0,0,1,6050,4333.0,120.0,180.0,1.0,0
223,0,1,0,1,0,0,1,0,1,0,1,0,0,0,1,9703,0.0,112.0,360.0,1.0,1
224,0,1,0,1,0,1,0,0,0,1,1,0,0,0,1,6608,0.0,137.0,180.0,1.0,1
225,0,1,0,1,0,1,0,0,1,0,1,0,0,1,0,2882,1843.0,123.0,480.0,1.0,1
226,0,1,0,1,1,0,0,0,1,0,1,0,0,0,1,1809,1868.0,90.0,360.0,1.0,1
227,0,1,0,1,1,0,0,0,0,1,1,0,0,1,0,1668,3890.0,201.0,360.0,0.0,0
228,1,0,1,0,0,0,1,0,1,0,1,0,0,0,1,3427,0.0,138.0,360.0,1.0,0
229,0,1,1,0,1,0,0,0,0,1,0,1,1,0,0,2583,2167.0,104.0,360.0,1.0,1
230,0,1,0,1,0,1,0,0,0,1,1,0,0,1,0,2661,7101.0,279.0,180.0,1.0,1
231,0,1,1,0,1,0,0,0,1,0,0,1,0,0,1,16250,0.0,192.0,360.0,0.0,0
232,1,0,1,0,0,0,0,1,1,0,1,0,1,0,0,3083,0.0,255.0,360.0,1.0,1
233,0,1,1,0,1,0,0,0,0,1,1,0,1,0,0,6045,0.0,115.0,360.0,0.0,0
234,0,1,0,1,0,0,0,1,1,0,1,0,0,0,1,5250,0.0,94.0,360.0,1.0,0
235,0,1,0,1,1,0,0,0,1,0,1,0,1,0,0,14683,2100.0,304.0,360.0,1.0,0
236,0,1,0,1,0,0,0,1,0,1,1,0,0,1,0,4931,0.0,128.0,360.0,1.0,0
237,0,1,0,1,0,1,0,0,1,0,1,0,0,0,1,6083,4250.0,330.0,360.0,1.0,1
238,0,1,1,0,1,0,0,0,1,0,1,0,0,1,0,2060,2209.0,134.0,360.0,1.0,1
239,1,0,1,0,0,1,0,0,1,0,1,0,0,1,0,3481,0.0,155.0,36.0,1.0,0
240,1,0,1,0,1,0,0,0,1,0,1,0,1,0,0,7200,0.0,120.0,360.0,1.0,1
241,0,1,1,0,1,0,0,0,1,0,0,1,0,1,0,5166,0.0,128.0,360.0,1.0,1
242,0,1,1,0,1,0,0,0,1,0,1,0,1,0,0,4095,3447.0,151.0,360.0,1.0,1
243,0,1,0,1,0,0,1,0,1,0,1,0,0,1,0,4708,1387.0,150.0,360.0,1.0,1
244,0,1,0,1,0,0,0,1,1,0,1,0,0,0,1,4333,1811.0,160.0,360.0,0.0,1
245,1,0,1,0,0,1,0,0,1,0,1,0,0,0,1,2876,1560.0,90.0,360.0,1.0,1
246,1,0,1,0,1,0,0,0,1,0,1,0,0,0,1,3237,0.0,30.0,360.0,1.0,1
247,0,1,0,1,1,0,0,0,1,0,1,0,0,0,1,11146,0.0,136.0,360.0,1.0,1
248,0,1,1,0,1,0,0,0,1,0,1,0,1,0,0,2833,1857.0,126.0,360.0,1.0,1
249,0,1,0,1,1,0,0,0,1,0,1,0,0,1,0,2620,2223.0,150.0,360.0,1.0,1
250,0,1,0,1,0,0,1,0,1,0,1,0,0,1,0,3900,0.0,90.0,360.0,1.0,1
251,0,1,0,1,0,1,0,0,1,0,1,0,0,1,0,2750,1842.0,115.0,360.0,1.0,1
252,0,1,0,1,1,0,0,0,1,0,1,0,0,1,0,3993,3274.0,207.0,360.0,1.0,1
253,0,1,0,1,1,0,0,0,1,0,1,0,0,0,1,3103,1300.0,80.0,360.0,1.0,1
254,0,1,0,1,1,0,0,0,1,0,1,0,0,1,0,14583,0.0,436.0,360.0,1.0,1
255,1,0,0,1,1,0,0,0,0,1,1,0,1,0,0,4100,0.0,124.0,360.0,1.0,1
256,0,1,1,0,0,1,0,0,0,1,0,1,0,0,1,4053,2426.0,158.0,360.0,0.0,0
257,0,1,0,1,1,0,0,0,1,0,1,0,0,1,0,3927,800.0,112.0,360.0,1.0,1
258,0,1,0,1,0,0,1,0,1,0,1,0,0,0,1,2301,985.7999877999997,78.0,180.0,1.0,1
259,1,0,1,0,1,0,0,0,1,0,1,0,0,0,1,1811,1666.0,54.0,360.0,1.0,1
260,0,1,0,1,1,0,0,0,1,0,1,0,1,0,0,20667,0.0,146.41216216216216,360.0,1.0,0
261,0,1,1,0,1,0,0,0,1,0,1,0,1,0,0,3158,3053.0,89.0,360.0,1.0,1
262,1,0,1,0,1,0,0,0,1,0,0,1,0,1,0,2600,1717.0,99.0,300.0,1.0,0
263,0,1,0,1,1,0,0,0,1,0,1,0,1,0,0,3704,2000.0,120.0,360.0,1.0,1
264,1,0,1,0,1,0,0,0,1,0,1,0,0,1,0,4124,0.0,115.0,360.0,1.0,1
265,0,1,1,0,1,0,0,0,1,0,1,0,1,0,0,9508,0.0,187.0,360.0,1.0,1
266,0,1,0,1,1,0,0,0,1,0,1,0,1,0,0,3075,2416.0,139.0,360.0,1.0,1
267,0,1,0,1,0,0,1,0,1,0,1,0,0,1,0,4400,0.0,127.0,360.0,0.0,0
268,0,1,0,1,0,0,1,0,1,0,1,0,0,0,1,3153,1560.0,134.0,360.0,1.0,1
269,0,1,0,1,1,0,0,0,1,0,1,0,0,1,0,2383,3334.0,172.0,360.0,1.0,1
270,0,1,0,1,0,1,0,0,1,0,1,0,0,1,0,6875,0.0,200.0,360.0,1.0,1
271,1,0,0,1,0,1,0,0,1,0,1,0,0,0,1,4666,0.0,135.0,360.0,1.0,1
272,1,0,1,0,1,0,0,0,1,0,1,0,1,0,0,5000,2541.0,151.0,480.0,1.0,0
273,0,1,0,1,0,1,0,0,1,0,1,0,0,0,1,2014,2925.0,113.0,360.0,1.0,0
274,0,1,0,1,1,0,0,0,0,1,1,0,0,0,1,1800,2934.0,93.0,360.0,0.0,0
275,1,0,1,0,1,0,0,0,1,0,1,0,1,0,0,5000,0.0,132.0,360.0,1.0,1
276,0,1,0,1,0,1,0,0,1,0,1,0,0,0,1,1625,1803.0,96.0,360.0,1.0,1
277,0,1,1,0,1,0,0,0,1,0,1,0,1,0,0,4000,2500.0,140.0,360.0,1.0,1
278,0,1,1,0,1,0,0,0,0,1,1,0,0,0,1,2000,0.0,146.41216216216216,360.0,1.0,0
279,1,0,1,0,1,0,0,0,1,0,1,0,1,0,0,3762,1666.0,135.0,360.0,1.0,1
280,1,0,1,0,1,0,0,0,1,0,1,0,0,0,1,2400,1863.0,104.0,360.0,0.0,0
281,0,1,1,0,1,0,0,0,1,0,1,0,1,0,0,20233,0.0,480.0,360.0,1.0,0
282,0,1,0,1,0,0,1,0,0,1,1,0,1,0,0,7667,0.0,185.0,360.0,1.0,1
283,1,0,1,0,1,0,0,0,1,0,1,0,0,1,0,2917,0.0,84.0,360.0,1.0,1
284,0,1,1,0,1,0,0,0,0,1,1,0,0,1,0,2927,2405.0,111.0,360.0,1.0,1
285,1,0,1,0,1,0,0,0,1,0,1,0,1,0,0,2507,0.0,56.0,360.0,1.0,1
286,0,1,0,1,0,0,1,0,1,0,0,1,1,0,0,5746,0.0,144.0,84.0,1.0,1
287,0,1,0,1,0,1,0,0,0,1,1,0,0,0,1,3399,1640.0,111.0,180.0,1.0,1
288,0,1,0,1,0,0,1,0,1,0,1,0,0,1,0,3717,0.0,120.0,360.0,1.0,1
289,0,1,0,1,1,0,0,0,1,0,1,0,0,0,1,2058,2134.0,88.0,360.0,1.0,1
290,1,0,1,0,0,1,0,0,1,0,1,0,0,1,0,3541,0.0,112.0,360.0,1.0,1
291,0,1,0,1,0,1,0,0,1,0,0,1,1,0,0,10000,0.0,155.0,360.0,1.0,0
292,0,1,0,1,1,0,0,0,1,0,1,0,0,1,0,2400,2167.0,115.0,360.0,1.0,1
293,0,1,0,1,0,0,0,1,1,0,1,0,0,1,0,4342,189.0,124.0,360.0,1.0,1
294,0,1,0,1,0,0,1,0,0,1,1,0,1,0,0,3601,1590.0,146.41216216216216,360.0,1.0,1
295,1,0,1,0,1,0,0,0,1,0,1,0,1,0,0,3166,2985.0,132.0,360.0,1.0,1
296,0,1,0,1,0,0,0,1,1,0,1,0,1,0,0,15000,0.0,300.0,360.0,1.0,1
297,0,1,0,1,0,1,0,0,1,0,0,1,1,0,0,8666,4983.0,376.0,360.0,0.0,0
298,0,1,1,0,1,0,0,0,1,0,1,0,1,0,0,4917,0.0,130.0,360.0,0.0,1
299,0,1,0,1,1,0,0,0,1,0,0,1,0,1,0,5818,2160.0,184.0,360.0,1.0,1
300,1,0,0,1,1,0,0,0,1,0,1,0,0,0,1,4333,2451.0,110.0,360.0,1.0,0
301,1,0,1,0,1,0,0,0,1,0,1,0,0,0,1,2500,0.0,67.0,360.0,1.0,1
302,0,1,1,0,0,1,0,0,1,0,1,0,0,0,1,4384,1793.0,117.0,360.0,1.0,1
303,0,1,1,0,1,0,0,0,1,0,1,0,0,1,0,2935,0.0,98.0,360.0,1.0,1
304,0,1,0,1,0,0,1,0,1,0,0,1,1,0,0,2500,4600.0,176.0,360.0,1.0,1
305,1,0,1,0,0,0,0,1,0,1,1,0,0,0,1,1830,0.0,146.41216216216216,360.0,0.0,0
306,1,0,1,0,1,0,0,0,1,0,1,0,0,1,0,4160,0.0,71.0,360.0,1.0,1
307,0,1,0,1,0,0,0,1,0,1,1,0,1,0,0,2647,1587.0,173.0,360.0,1.0,0
308,1,0,1,0,1,0,0,0,1,0,1,0,1,0,0,2378,0.0,46.0,360.0,1.0,0
309,0,1,0,1,0,1,0,0,0,1,1,0,0,0,1,4554,1229.0,158.0,360.0,1.0,1
310,0,1,0,1,0,0,0,1,0,1,1,0,0,1,0,3173,0.0,74.0,360.0,1.0,1
311,0,1,0,1,1,0,0,0,1,0,1,0,0,1,0,2499,2458.0,160.0,360.0,1.0,1
312,0,1,0,1,0,0,1,0,0,1,1,0,0,0,1,3083,2168.0,126.0,360.0,1.0,1
313,0,1,0,1,1,0,0,0,1,0,1,0,0,1,0,6333,4583.0,259.0,360.0,1.0,1
314,0,1,0,1,1,0,0,0,1,0,1,0,1,0,0,2625,6250.0,187.0,360.0,1.0,1
315,0,1,0,1,1,0,0,0,1,0,1,0,0,1,0,9083,0.0,228.0,360.0,1.0,1
316,0,1,1,0,1,0,0,0,1,0,1,0,1,0,0,8750,4167.0,308.0,360.0,1.0,0
317,0,1,0,1,0,0,0,1,1,0,1,0,1,0,0,2666,2083.0,95.0,360.0,1.0,1
318,1,0,0,1,1,0,0,0,1,0,0,1,1,0,0,5500,0.0,105.0,360.0,0.0,0
319,1,0,0,1,1,0,0,0,1,0,1,0,0,1,0,2423,505.0,130.0,360.0,1.0,1
320,0,1,0,1,0,0,1,0,1,0,1,0,1,0,0,8333,3167.0,165.0,360.0,1.0,1
321,0,1,0,1,0,1,0,0,1,0,1,0,0,0,1,3875,0.0,67.0,360.0,1.0,0
322,0,1,0,1,1,0,0,0,0,1,1,0,0,0,1,3000,1666.0,100.0,480.0,0.0,0
323,0,1,0,1,0,0,0,1,1,0,1,0,0,1,0,5167,3167.0,200.0,360.0,1.0,1
324,1,0,1,0,0,1,0,0,1,0,1,0,0,1,0,4723,0.0,81.0,360.0,1.0,0
325,0,1,0,1,0,0,1,0,1,0,1,0,0,1,0,5000,3667.0,236.0,360.0,1.0,1
326,0,1,0,1,1,0,0,0,1,0,1,0,0,0,1,4750,2333.0,130.0,360.0,1.0,1
327,0,1,0,1,1,0,0,0,1,0,1,0,0,0,1,3013,3033.0,95.0,300.0,1.0,1
328,0,1,1,0,1,0,0,0,1,0,0,1,1,0,0,6822,0.0,141.0,360.0,1.0,1
329,0,1,1,0,1,0,0,0,0,1,1,0,1,0,0,6216,0.0,133.0,360.0,1.0,0
330,0,1,1,0,1,0,0,0,1,0,1,0,0,1,0,2500,0.0,96.0,480.0,1.0,0
331,0,1,1,0,1,0,0,0,1,0,1,0,1,0,0,5124,0.0,124.0,360.0,0.0,0
332,0,1,0,1,0,1,0,0,1,0,1,0,0,1,0,6325,0.0,175.0,360.0,1.0,1
333,0,1,0,1,1,0,0,0,1,0,1,0,1,0,0,19730,5266.0,570.0,360.0,1.0,0
334,1,0,1,0,1,0,0,0,1,0,0,1,0,1,0,15759,0.0,55.0,360.0,1.0,1
335,0,1,0,1,0,0,1,0,1,0,1,0,0,1,0,5185,0.0,155.0,360.0,1.0,1
336,0,1,0,1,0,0,1,0,1,0,0,1,1,0,0,9323,7873.0,380.0,300.0,1.0,1
337,0,1,1,0,0,1,0,0,1,0,1,0,0,0,1,3062,1987.0,111.0,180.0,0.0,0
338,0,1,0,1,1,0,0,0,1,0,1,0,0,0,1,4817,923.0,120.0,180.0,1.0,1
339,0,1,0,1,0,0,0,1,1,0,1,0,1,0,0,8750,4996.0,130.0,360.0,1.0,1
340,0,1,0,1,1,0,0,0,1,0,1,0,0,1,0,4310,0.0,130.0,360.0,1.0,1
341,0,1,1,0,1,0,0,0,1,0,1,0,0,0,1,3069,0.0,71.0,480.0,1.0,0
342,0,1,0,1,0,0,1,0,1,0,1,0,0,0,1,5391,0.0,130.0,360.0,1.0,1
343,0,1,1,0,1,0,0,0,1,0,1,0,0,1,0,5941,4232.0,296.0,360.0,1.0,1
344,1,0,1,0,1,0,0,0,1,0,1,0,0,0,1,6000,0.0,156.0,360.0,1.0,1
345,0,1,1,0,1,0,0,0,1,0,0,1,0,0,1,7167,0.0,128.0,360.0,1.0,1
346,0,1,0,1,0,0,1,0,1,0,1,0,0,0,1,4566,0.0,100.0,360.0,1.0,0
347,0,1,1,0,1,0,0,0,0,1,1,0,0,1,0,2346,1600.0,132.0,360.0,1.0,1
348,0,1,0,1,1,0,0,0,0,1,1,0,0,0,1,3010,3136.0,146.41216216216216,360.0,0.0,0
349,0,1,0,1,1,0,0,0,1,0,1,0,0,0,1,2333,2417.0,136.0,360.0,1.0,1
350,0,1,0,1,1,0,0,0,1,0,1,0,1,0,0,5488,0.0,125.0,360.0,1.0,1
351,0,1,1,0,0,0,0,1,1,0,1,0,1,0,0,9167,0.0,185.0,360.0,1.0,1
352,0,1,0,1,0,0,0,1,1,0,1,0,1,0,0,9504,0.0,275.0,360.0,1.0,1
353,0,1,0,1,1,0,0,0,1,0,1,0,0,0,1,2583,2115.0,120.0,360.0,1.0,1
354,0,1,0,1,0,0,1,0,0,1,1,0,0,1,0,1993,1625.0,113.0,180.0,1.0,1
355,0,1,0,1,0,0,1,0,1,0,1,0,0,0,1,3100,1400.0,113.0,360.0,1.0,1
356,0,1,0,1,0,0,1,0,1,0,1,0,0,1,0,3276,484.0,135.0,360.0,1.0,1
357,1,0,1,0,1,0,0,0,1,0,1,0,0,0,1,3180,0.0,71.0,360.0,0.0,0
358,0,1,0,1,1,0,0,0,1,0,1,0,0,0,1,3033,1459.0,95.0,360.0,1.0,1
359,0,1,1,0,1,0,0,0,0,1,1,0,1,0,0,3902,1666.0,109.0,360.0,1.0,1
360,1,0,1,0,1,0,0,0,1,0,1,0,0,1,0,1500,1800.0,103.0,360.0,0.0,0
361,0,1,0,1,0,0,1,0,0,1,1,0,0,0,1,2889,0.0,45.0,180.0,0.0,0
362,0,1,1,0,1,0,0,0,0,1,1,0,1,0,0,2755,0.0,65.0,300.0,1.0,0
363,0,1,1,0,1,0,0,0,1,0,1,0,0,1,0,2500,20000.0,103.0,360.0,1.0,1
364,1,0,1,0,1,0,0,0,0,1,1,0,0,1,0,1963,0.0,53.0,360.0,1.0,1
365,1,0,1,0,1,0,0,0,1,0,0,1,1,0,0,7441,0.0,194.0,360.0,1.0,0
366,1,0,1,0,1,0,0,0,1,0,1,0,0,1,0,4547,0.0,115.0,360.0,1.0,1
367,0,1,0,1,1,0,0,0,0,1,1,0,0,0,1,2167,2400.0,115.0,360.0,1.0,1
368,1,0,1,0,1,0,0,0,0,1,1,0,1,0,0,2213,0.0,66.0,360.0,1.0,1
369,0,1,0,1,0,1,0,0,1,0,1,0,0,1,0,8300,0.0,152.0,300.0,0.0,0
370,0,1,0,1,0,0,0,1,1,0,1,0,1,0,0,81000,0.0,360.0,360.0,0.0,0
371,1,0,1,0,0,1,0,0,0,1,0,1,0,1,0,3867,0.0,62.0,360.0,1.0,0
372,0,1,0,1,1,0,0,0,0,1,1,0,1,0,0,6096,0.0,218.0,360.0,0.0,0
373,0,1,0,1,1,0,0,0,0,1,1,0,1,0,0,2253,2033.0,110.0,360.0,1.0,1
374,1,0,0,1,1,0,0,0,0,1,1,0,0,1,0,2149,3237.0,178.0,360.0,0.0,0
375,1,0,1,0,1,0,0,0,1,0,1,0,0,0,1,2995,0.0,60.0,360.0,1.0,1
376,1,0,1,0,0,1,0,0,1,0,1,0,0,0,1,2600,0.0,160.0,360.0,1.0,0
377,0,1,0,1,0,0,1,0,1,0,0,1,0,0,1,1600,20000.0,239.0,360.0,1.0,0
378,0,1,0,1,1,0,0,0,1,0,1,0,1,0,0,1025,2773.0,112.0,360.0,1.0,1
379,0,1,0,1,1,0,0,0,1,0,1,0,0,1,0,3246,1417.0,138.0,360.0,1.0,1
380,0,1,0,1,1,0,0,0,1,0,1,0,1,0,0,5829,0.0,138.0,360.0,1.0,1
381,1,0,1,0,1,0,0,0,0,1,1,0,0,0,1,2720,0.0,80.0,360.0,0.0,0
382,0,1,0,1,1,0,0,0,1,0,1,0,0,0,1,1820,1719.0,100.0,360.0,1.0,1
383,0,1,0,1,0,1,0,0,1,0,1,0,0,0,1,7250,1667.0,110.0,360.0,0.0,0
384,0,1,0,1,1,0,0,0,1,0,1,0,0,1,0,14880,0.0,96.0,360.0,1.0,1
385,0,1,0,1,1,0,0,0,1,0,1,0,1,0,0,2666,4300.0,121.0,360.0,1.0,1
386,1,0,1,0,0,1,0,0,0,1,1,0,1,0,0,4606,0.0,81.0,360.0,1.0,0
387,0,1,0,1,0,0,1,0,1,0,1,0,0,1,0,5935,0.0,133.0,360.0,1.0,1
388,0,1,0,1,1,0,0,0,1,0,1,0,1,0,0,2920,16.12000084,87.0,360.0,1.0,1
389,0,1,1,0,1,0,0,0,0,1,1,0,0,0,1,2717,0.0,60.0,180.0,1.0,1
390,1,0,1,0,0,1,0,0,1,0,0,1,0,1,0,8624,0.0,150.0,360.0,1.0,1
391,0,1,1,0,1,0,0,0,1,0,1,0,1,0,0,6500,0.0,105.0,360.0,0.0,0
392,0,1,0,1,1,0,0,0,1,0,1,0,0,1,0,2425,2340.0,143.0,360.0,1.0,1
393,0,1,1,0,1,0,0,0,1,0,1,0,0,0,1,3750,0.0,100.0,360.0,1.0,1
394,0,1,1,0,1,0,0,0,1,0,1,0,0,1,0,1926,1851.0,50.0,360.0,1.0,1
395,0,1,0,1,1,0,0,0,1,0,1,0,0,0,1,2213,1125.0,146.41216216216216,360.0,1.0,1
396,0,1,1,0,1,0,0,0,1,0,0,1,0,0,1,10416,0.0,187.0,360.0,0.0,0
397,1,0,0,1,1,0,0,0,0,1,0,1,1,0,0,7142,0.0,138.0,360.0,1.0,1
398,0,1,1,0,1,0,0,0,1,0,1,0,0,1,0,3660,5064.0,187.0,360.0,1.0,1
399,0,1,0,1,1,0,0,0,1,0,1,0,1,0,0,7901,1833.0,180.0,360.0,1.0,1
400,0,1,1,0,0,0,0,1,0,1,1,0,0,1,0,4707,1993.0,148.0,360.0,1.0,1
401,0,1,1,0,0,1,0,0,1,0,1,0,0,1,0,37719,0.0,152.0,360.0,1.0,1
402,0,1,0,1,1,0,0,0,1,0,1,0,1,0,0,7333,8333.0,175.0,300.0,1.0,1
403,0,1,0,1,0,1,0,0,1,0,0,1,1,0,0,3466,1210.0,130.0,360.0,1.0,1
404,0,1,0,1,0,0,1,0,0,1,1,0,1,0,0,4652,0.0,110.0,360.0,1.0,1
405,0,1,0,1,0,0,1,0,1,0,1,0,1,0,0,3340,1710.0,150.0,360.0,0.0,0
406,0,1,1,0,0,1,0,0,0,1,0,1,0,1,0,2769,1542.0,190.0,360.0,1.0,0
407,0,1,0,1,0,0,1,0,0,1,1,0,1,0,0,2309,1255.0,125.0,360.0,0.0,0
408,0,1,0,1,0,0,1,0,0,1,1,0,0,0,1,1958,1456.0,60.0,300.0,1.0,1
409,0,1,0,1,1,0,0,0,1,0,1,0,1,0,0,3948,1733.0,149.0,360.0,0.0,0
410,0,1,0,1,1,0,0,0,1,0,1,0,1,0,0,2483,2466.0,90.0,180.0,0.0,1
411,0,1,1,0,1,0,0,0,1,0,0,1,0,1,0,7085,0.0,84.0,360.0,1.0,1
412,0,1,0,1,0,0,1,0,1,0,1,0,0,1,0,3859,0.0,96.0,360.0,1.0,1
413,0,1,0,1,1,0,0,0,1,0,1,0,0,0,1,4301,0.0,118.0,360.0,1.0,1
414,0,1,0,1,1,0,0,0,1,0,1,0,0,0,1,3708,2569.0,173.0,360.0,1.0,0
415,0,1,1,0,0,0,1,0,1,0,1,0,1,0,0,4354,0.0,136.0,360.0,1.0,1
416,0,1,0,1,1,0,0,0,1,0,1,0,0,1,0,8334,0.0,160.0,360.0,1.0,0
417,0,1,0,1,0,0,0,1,1,0,1,0,0,0,1,7740,0.0,128.0,180.0,1.0,1
418,0,1,0,1,1,0,0,0,1,0,1,0,1,0,0,3015,2188.0,153.0,360.0,1.0,1
419,0,1,1,0,1,0,0,0,1,0,1,0,0,1,0,4166,0.0,98.0,360.0,0.0,0
420,0,1,1,0,1,0,0,0,1,0,1,0,1,0,0,6000,0.0,140.0,360.0,1.0,1
421,0,1,0,1,0,0,0,1,0,1,1,0,0,0,1,2947,1664.0,70.0,180.0,0.0,0
422,0,1,0,1,1,0,0,0,1,0,1,0,0,0,1,4333,2451.0,110.0,360.0,1.0,0
423,0,1,0,1,0,1,0,0,1,0,0,1,0,1,0,3450,2079.0,162.0,360.0,1.0,1
424,0,1,0,1,0,1,0,0,0,1,1,0,1,0,0,2653,1500.0,113.0,180.0,0.0,0
425,0,1,0,1,0,0,0,1,1,0,1,0,0,1,0,4691,0.0,100.0,360.0,1.0,1
426,1,0,1,0,1,0,0,0,1,0,0,1,0,0,1,2500,0.0,93.0,360.0,1.0,1
427,0,1,1,0,0,0,1,0,1,0,1,0,1,0,0,5532,4648.0,162.0,360.0,1.0,1
428,0,1,0,1,0,0,1,0,1,0,0,1,1,0,0,16525,1014.0,150.0,360.0,1.0,1
429,0,1,0,1,0,0,1,0,1,0,1,0,0,1,0,6700,1750.0,230.0,300.0,1.0,1
430,0,1,0,1,0,1,0,0,1,0,0,1,0,1,0,16667,2250.0,86.0,360.0,1.0,1
431,0,1,0,1,0,0,1,0,1,0,1,0,0,0,1,2947,1603.0,146.41216216216216,360.0,1.0,0
432,1,0,1,0,1,0,0,0,0,1,1,0,1,0,0,4350,0.0,154.0,360.0,1.0,1
433,0,1,0,1,0,0,0,1,0,1,1,0,1,0,0,3095,0.0,113.0,360.0,1.0,1
434,0,1,0,1,1,0,0,0,1,0,1,0,0,1,0,2083,3150.0,128.0,360.0,1.0,1
435,0,1,0,1,1,0,0,0,1,0,1,0,0,1,0,10833,0.0,234.0,360.0,1.0,1
436,0,1,0,1,0,0,1,0,1,0,1,0,0,1,0,8333,0.0,246.0,360.0,1.0,1
437,0,1,0,1,0,1,0,0,0,1,1,0,1,0,0,1958,2436.0,131.0,360.0,1.0,1
438,0,1,1,0,0,0,1,0,1,0,1,0,1,0,0,3547,0.0,80.0,360.0,0.0,0
439,0,1,0,1,0,1,0,0,1,0,1,0,0,0,1,18333,0.0,500.0,360.0,1.0,0
440,0,1,0,1,0,0,1,0,1,0,0,1,0,1,0,4583,2083.0,160.0,360.0,1.0,1
441,0,1,1,0,1,0,0,0,1,0,1,0,0,0,1,2435,0.0,75.0,360.0,1.0,0
442,0,1,1,0,1,0,0,0,0,1,1,0,0,1,0,2699,2785.0,96.0,360.0,1.0,1
443,0,1,0,1,0,1,0,0,0,1,1,0,0,0,1,5333,1131.0,186.0,360.0,1.0,1
444,0,1,1,0,1,0,0,0,0,1,1,0,1,0,0,3691,0.0,110.0,360.0,1.0,1
445,1,0,1,0,1,0,0,0,0,1,0,1,0,1,0,17263,0.0,225.0,360.0,1.0,1
446,0,1,0,1,1,0,0,0,1,0,1,0,1,0,0,3597,2157.0,119.0,360.0,0.0,0
447,1,0,0,1,0,1,0,0,1,0,1,0,0,1,0,3326,913.0,105.0,84.0,1.0,1
448,0,1,0,1,1,0,0,0,0,1,1,0,1,0,0,2600,1700.0,107.0,360.0,1.0,1
449,0,1,0,1,1,0,0,0,1,0,1,0,0,0,1,4625,2857.0,111.0,12.0,1.0,1
450,0,1,0,1,0,1,0,0,1,0,0,1,0,1,0,2895,0.0,95.0,360.0,1.0,1
451,0,1,1,0,1,0,0,0,1,0,1,0,1,0,0,6283,4416.0,209.0,360.0,0.0,0
452,1,0,1,0,1,0,0,0,1,0,1,0,1,0,0,645,3683.0,113.0,480.0,1.0,1
453,1,0,1,0,1,0,0,0,1,0,1,0,0,1,0,3159,0.0,100.0,360.0,1.0,1
454,0,1,0,1,0,0,1,0,1,0,1,0,0,1,0,4865,5624.0,208.0,360.0,1.0,1
455,0,1,0,1,0,1,0,0,0,1,1,0,1,0,0,4050,5302.0,138.0,360.0,1.0,0
456,0,1,0,1,1,0,0,0,0,1,1,0,0,1,0,3814,1483.0,124.0,300.0,1.0,1
457,0,1,0,1,0,0,1,0,1,0,1,0,1,0,0,3510,4416.0,243.0,360.0,1.0,1
458,0,1,0,1,1,0,0,0,1,0,1,0,0,0,1,20833,6667.0,480.0,360.0,1.0,1
459,0,1,0,1,1,0,0,0,1,0,0,1,0,0,1,2479,3013.0,188.0,360.0,1.0,1
460,1,0,1,0,0,1,0,0,1,0,1,0,0,0,1,13262,0.0,40.0,360.0,1.0,1
461,0,1,1,0,1,0,0,0,0,1,1,0,1,0,0,3598,1287.0,100.0,360.0,1.0,0
462,0,1,0,1,0,1,0,0,1,0,1,0,0,1,0,6065,2004.0,250.0,360.0,1.0,1
463,0,1,0,1,0,0,1,0,1,0,1,0,0,0,1,3283,2035.0,148.0,360.0,1.0,1
464,0,1,0,1,1,0,0,0,1,0,1,0,0,1,0,2130,6666.0,70.0,180.0,1.0,0
465,0,1,1,0,1,0,0,0,1,0,1,0,1,0,0,5815,3666.0,311.0,360.0,1.0,0
466,0,1,0,1,0,0,0,1,1,0,1,0,1,0,0,3466,3428.0,150.0,360.0,1.0,1
467,1,0,0,1,0,0,1,0,1,0,1,0,0,1,0,2031,1632.0,113.0,480.0,1.0,1
468,0,1,1,0,1,0,0,0,1,0,1,0,0,1,0,4683,1915.0,185.0,360.0,1.0,0
469,1,0,1,0,1,0,0,0,0,1,1,0,1,0,0,3400,0.0,95.0,360.0,1.0,0
470,0,1,0,1,0,0,1,0,0,1,1,0,0,1,0,2192,1742.0,45.0,360.0,1.0,1
471,0,1,1,0,1,0,0,0,1,0,1,0,0,1,0,2500,0.0,55.0,360.0,1.0,1
472,0,1,0,1,0,0,0,1,1,0,0,1,1,0,0,5677,1424.0,100.0,360.0,1.0,1
473,0,1,0,1,0,0,1,0,1,0,0,1,1,0,0,7948,7166.0,480.0,360.0,1.0,1
474,0,1,1,0,1,0,0,0,1,0,1,0,0,1,0,4680,2087.0,146.41216216216216,360.0,1.0,0
475,0,1,0,1,0,0,1,0,1,0,0,1,1,0,0,17500,0.0,400.0,360.0,1.0,1
476,0,1,0,1,1,0,0,0,1,0,1,0,0,1,0,3775,0.0,110.0,360.0,1.0,1
477,0,1,0,1,0,1,0,0,0,1,1,0,0,1,0,5285,1430.0,161.0,360.0,0.0,1
478,0,1,1,0,0,1,0,0,0,1,1,0,0,1,0,2679,1302.0,94.0,360.0,1.0,1
479,0,1,1,0,1,0,0,0,0,1,1,0,0,1,0,6783,0.0,130.0,360.0,1.0,1
480,0,1,0,1,1,0,0,0,1,0,1,0,1,0,0,1025,5500.0,216.0,360.0,1.0,1
481,0,1,0,1,0,0,0,1,1,0,1,0,0,0,1,4281,0.0,100.0,360.0,1.0,1
482,0,1,1,0,0,0,1,0,1,0,1,0,1,0,0,3588,0.0,110.0,360.0,0.0,0
483,0,1,1,0,0,1,0,0,1,0,1,0,0,1,0,11250,0.0,196.0,360.0,1.0,0
484,1,0,1,0,1,0,0,0,0,1,0,1,0,0,1,18165,0.0,125.0,360.0,1.0,1
485,0,1,0,1,1,0,0,0,1,0,1,0,0,0,1,6133,3906.0,324.0,360.0,1.0,1
486,0,1,1,0,0,0,1,0,1,0,1,0,0,1,0,3617,0.0,107.0,360.0,1.0,1
487,0,1,0,1,1,0,0,0,0,1,1,0,1,0,0,2917,536.0,66.0,360.0,1.0,0
488,0,1,0,1,0,0,0,1,1,0,1,0,1,0,0,6417,0.0,157.0,180.0,1.0,1
489,1,0,0,1,0,1,0,0,1,0,1,0,0,1,0,4608,2845.0,140.0,180.0,1.0,1
490,1,0,1,0,1,0,0,0,1,0,1,0,0,1,0,2138,0.0,99.0,360.0,0.0,0
491,0,1,0,1,0,1,0,0,0,1,1,0,0,0,1,2239,2524.0,128.0,360.0,1.0,1
492,1,0,0,1,1,0,0,0,0,1,1,0,0,1,0,3017,663.0,102.0,360.0,1.0,1
493,0,1,0,1,1,0,0,0,1,0,1,0,1,0,0,2768,1950.0,155.0,360.0,1.0,1
494,0,1,1,0,1,0,0,0,0,1,1,0,0,1,0,3358,0.0,80.0,36.0,1.0,0
495,0,1,1,0,1,0,0,0,1,0,1,0,1,0,0,2526,1783.0,145.0,360.0,1.0,1
496,1,0,1,0,1,0,0,0,1,0,1,0,0,1,0,5000,0.0,103.0,360.0,0.0,0
497,0,1,0,1,1,0,0,0,1,0,1,0,1,0,0,2785,2016.0,110.0,360.0,1.0,1
498,0,1,0,1,0,0,1,0,1,0,0,1,1,0,0,6633,0.0,146.41216216216216,360.0,0.0,0
499,0,1,0,1,0,1,0,0,0,1,1,0,1,0,0,2492,2375.0,146.41216216216216,360.0,1.0,1
500,0,1,0,1,0,1,0,0,1,0,1,0,0,0,1,3333,3250.0,158.0,360.0,1.0,1
501,0,1,0,1,1,0,0,0,0,1,1,0,0,0,1,2454,2333.0,181.0,360.0,0.0,0
502,0,1,0,1,1,0,0,0,1,0,1,0,1,0,0,3593,4266.0,132.0,180.0,0.0,0
503,0,1,0,1,0,1,0,0,1,0,1,0,0,1,0,5468,1032.0,26.0,360.0,1.0,1
504,1,0,1,0,1,0,0,0,1,0,1,0,0,0,1,2667,1625.0,84.0,360.0,1.0,1
505,0,1,0,1,0,0,0,1,1,0,0,1,0,1,0,10139,0.0,260.0,360.0,1.0,1
506,0,1,0,1,1,0,0,0,1,0,1,0,0,1,0,3887,2669.0,162.0,360.0,1.0,1
507,1,0,0,1,1,0,0,0,1,0,1,0,0,1,0,4180,2306.0,182.0,360.0,1.0,1
508,0,1,0,1,0,0,1,0,0,1,1,0,0,1,0,3675,242.0,108.0,360.0,1.0,1
509,1,0,0,1,0,1,0,0,1,0,0,1,0,1,0,19484,0.0,600.0,360.0,1.0,1
510,0,1,0,1,1,0,0,0,1,0,1,0,1,0,0,5923,2054.0,211.0,360.0,1.0,1
511,0,1,1,0,1,0,0,0,0,1,0,1,0,1,0,5800,0.0,132.0,360.0,1.0,1
512,0,1,0,1,0,0,1,0,1,0,1,0,0,0,1,8799,0.0,258.0,360.0,0.0,0
513,0,1,0,1,1,0,0,0,0,1,1,0,1,0,0,4467,0.0,120.0,360.0,1.0,1
514,0,1,1,0,1,0,0,0,1,0,1,0,0,0,1,3333,0.0,70.0,360.0,1.0,1
515,0,1,0,1,0,0,0,1,1,0,1,0,1,0,0,3400,2500.0,123.0,360.0,0.0,0
516,1,0,1,0,1,0,0,0,1,0,1,0,0,0,1,2378,0.0,9.0,360.0,1.0,0
517,0,1,0,1,1,0,0,0,1,0,1,0,0,0,1,3166,2064.0,104.0,360.0,0.0,0
518,0,1,0,1,0,1,0,0,1,0,1,0,0,0,1,3417,1750.0,186.0,360.0,1.0,1
519,0,1,0,1,0,0,1,0,1,0,1,0,0,0,1,16666,0.0,275.0,360.0,1.0,1
520,0,1,0,1,0,0,1,0,0,1,1,0,0,1,0,6125,1625.0,187.0,480.0,1.0,0
521,0,1,0,1,0,0,0,1,1,0,1,0,0,1,0,6406,0.0,150.0,360.0,1.0,0
522,0,1,0,1,0,0,1,0,1,0,1,0,0,0,1,3159,461.0,108.0,84.0,1.0,1
523,0,1,1,0,1,0,0,0,1,0,1,0,0,0,1,3229,2739.0,110.0,360.0,1.0,1
524,0,1,0,1,0,1,0,0,1,0,1,0,1,0,0,1782,2232.0,107.0,360.0,1.0,1
525,0,1,0,1,0,0,1,0,1,0,1,0,0,1,0,6540,0.0,205.0,360.0,1.0,1
526,0,1,1,0,1,0,0,0,1,0,1,0,0,0,1,1836,33837.0,90.0,360.0,1.0,0
527,1,0,0,1,1,0,0,0,1,0,1,0,0,1,0,3166,0.0,36.0,360.0,1.0,1
528,0,1,0,1,0,1,0,0,1,0,1,0,1,0,0,1880,0.0,61.0,360.0,1.0,0
529,0,1,0,1,0,1,0,0,1,0,1,0,1,0,0,2787,1917.0,146.0,360.0,0.0,0
530,0,1,0,1,0,1,0,0,1,0,1,0,1,0,0,4283,3000.0,172.0,84.0,1.0,0
531,0,1,0,1,1,0,0,0,1,0,1,0,0,0,1,2297,1522.0,104.0,360.0,1.0,1
532,1,0,1,0,1,0,0,0,0,1,1,0,0,1,0,2165,0.0,70.0,360.0,1.0,1
533,0,1,0,1,0,0,1,0,1,0,0,1,0,1,0,2726,0.0,106.0,360.0,0.0,0
534,0,1,0,1,1,0,0,0,1,0,1,0,0,1,0,3000,3416.0,56.0,180.0,1.0,1
535,0,1,0,1,0,0,1,0,1,0,0,1,0,1,0,6000,0.0,205.0,240.0,1.0,0
536,0,1,0,1,1,0,0,0,1,0,1,0,1,0,0,3859,3300.0,142.0,180.0,1.0,1
537,0,1,0,1,1,0,0,0,1,0,0,1,0,0,1,16120,0.0,260.0,360.0,1.0,1
538,0,1,1,0,1,0,0,0,0,1,1,0,1,0,0,3833,0.0,110.0,360.0,1.0,1
539,0,1,0,1,0,0,1,0,0,1,0,1,1,0,0,6383,1000.0,187.0,360.0,1.0,0
540,0,1,0,1,1,0,0,0,1,0,0,1,1,0,0,9963,0.0,180.0,360.0,1.0,1
541,0,1,0,1,0,0,1,0,1,0,1,0,0,0,1,5780,0.0,192.0,360.0,1.0,1
542,0,1,0,1,0,0,0,1,1,0,1,0,0,0,1,5703,0.0,128.0,360.0,1.0,1
543,0,1,1,0,1,0,0,0,1,0,1,0,1,0,0,3676,4301.0,172.0,360.0,1.0,1
544,1,0,0,1,0,1,0,0,1,0,1,0,0,1,0,12000,0.0,496.0,360.0,1.0,1
545,0,1,0,1,1,0,0,0,0,1,1,0,0,0,1,2400,3800.0,146.41216216216216,180.0,1.0,0
546,0,1,0,1,0,1,0,0,1,0,1,0,0,1,0,3400,2500.0,173.0,360.0,1.0,1
547,0,1,0,1,0,0,1,0,0,1,1,0,1,0,0,3987,1411.0,157.0,360.0,1.0,1
548,0,1,0,1,1,0,0,0,1,0,1,0,1,0,0,3232,1950.0,108.0,360.0,1.0,1
549,1,0,1,0,1,0,0,0,1,0,1,0,1,0,0,2900,0.0,71.0,360.0,1.0,1
550,0,1,0,1,0,0,0,1,1,0,1,0,1,0,0,4106,0.0,40.0,180.0,1.0,1
551,0,1,0,1,0,1,0,0,1,0,1,0,0,0,1,8072,240.0,253.0,360.0,1.0,1
552,0,1,0,1,0,0,1,0,1,0,1,0,0,0,1,7583,0.0,187.0,360.0,1.0,1
553,1,0,1,0,1,0,0,0,1,0,0,1,0,1,0,4583,0.0,133.0,360.0,0.0,0
